{
  "project_info": {
    "project_number": "1046775115324",
    "project_id": "expense-tracker-af6a6",
    "storage_bucket": "expense-tracker-af6a6.appspot.com"
  },
  "client": [
    {
      "client_info": {
        "mobilesdk_app_id": "1:1046775115324:android:32144b667f53b0e526dd39",
        "android_client_info": {
          "package_name": "com.example.expense_tracker_app"
        }
      },
      "oauth_client": [],
      "api_key": [
        {
          "current_key": "AIzaSyCaC06vZRFIqKpd8WKEOUCi1C5nOLlN7-U"
        }
      ],
      "services": {
        "appinvite_service": {
          "other_platform_oauth_client": []
        }
      }
    }
  ],
  "configuration_version": "1"
}